{
    "parent": "item/handheld",
    "textures": {
        "layer0": "item/diamond_axe"
    },
    "overrides": [
        {
            "predicate": {
                "damaged": 1,
                "damage": 0.5
            },
            "model": "item/diamond_axe/diamond_axe_1"
        },
        {
            "predicate": {
                "damaged": 1,
                "damage": 0.75
            },
            "model": "item/diamond_axe/diamond_axe_2"
        },
        {
            "predicate": {
                "damaged": 1,
                "damage": 0.95
            },
            "model": "item/diamond_axe/diamond_axe_3"
        }
    ]
}