{
    "type": "minecraft:crafting_shapeless",
    "ingredients": [
        {
            "item": "minecraft:glass_pane"
        },
        {
            "item": "minecraft:glass_pane"
        },
        {
            "item": "minecraft:glass_pane"
        },
        {
            "item": "minecraft:glass_pane"
        },
        {
            "item": "minecraft:sea_lantern"
        },
        {
            "item": "minecraft:glass_pane"
        },
        {
            "item": "minecraft:obsidian"
        },
        {
            "item": "minecraft:nether_star"
        },
        {
            "item": "minecraft:obsidian"
        }
    ],
    "result": {
        "item": "minecraft:beacon",
        "count": 1
    }
}