{
    "type": "minecraft:crafting_shaped",
    "pattern": [
        "#i#",
        "nOn",
        "#Q#"
    ],
    "key": {
        "#": {
            "item": "minecraft:diamond"
        },
        "i": {
            "item": "minecraft:iron_ingot"
        },
        "n": {
            "item": "minecraft:netherite_ingot"
        },
        "O": {
            "item": "minecraft:obsidian"
        },
        "Q": {
            "item": "minecraft:quartz"
        }
    },
    "result": {
        "item": "minecraft:bedrock",
        "count": 1
    }
}