{
    "type": "minecraft:crafting_shaped",
    "pattern": [
        "#  ",
        "BHY",
        " T#"
    ],
    "key": {
        "#": {
            "item": "minecraft:shulker_shell"
        },
        "B": {
            "item": "minecraft:black_wool"
        },
        "H": {
            "item": "minecraft:honeycomb"
        },
        "Y": {
            "item": "minecraft:yellow_wool"
        },
        "T": {
            "item": "minecraft:totem_of_undying"
        }
    },
    "result": {
        "item": "minecraft:bee_spawn_egg",
        "count": 1
    }
}