{
    "type": "minecraft:crafting_shaped",
    "pattern": [
        "#S ",
        "MTM",
        " V#"
    ],
    "key": {
        "#": {
            "item": "minecraft:shulker_shell"
        },
        "S": {
            "item": "minecraft:string"
        },
        "M": {
            "item": "minecraft:milk_bucket"
        },
        "T": {
            "item": "minecraft:tropical_fish"
        },
        "V": {
            "item": "minecraft:totem_of_undying"
        }
    },
    "result": {
        "item": "minecraft:cat_spawn_egg",
        "count": 1
    }
}