{
    "type": "minecraft:crafting_shaped",
    "pattern": [
        "#E ",
        "FCF",
        " T#"
    ],
    "key": {
        "#": {
            "item": "minecraft:shulker_shell"
        },
        "E": {
            "item": "minecraft:egg"
        },
        "F": {
            "item": "minecraft:feather"
        },
        "C": {
            "item": "minecraft:chicken"
        },
        "T": {
            "item": "minecraft:totem_of_undying"
        }
    },
    "result": {
        "item": "minecraft:chicken_spawn_egg",
        "count": 1
    }
}