{
    "type": "minecraft:crafting_shaped",
    "pattern": [
        "#C ",
        "WTW",
        " A#"
    ],
    "key": {
        "#": {
            "item": "minecraft:shulker_shell"
        },
        "C": {
            "item": "minecraft:creeper_head"
        },
        "W": {
            "item": "minecraft:wheat_seeds"
        },
        "T": {
            "item": "minecraft:tnt"
        },
        "A": {
            "item": "minecraft:totem_of_undying"
        }
    },
    "result": {
        "item": "minecraft:creeper_spawn_egg",
        "count": 1
    }
}