{
    "type": "minecraft:crafting_shaped",
    "pattern": [
        "#S#",
        "PGP",
        "FDF"
    ],
    "key": {
        "#": {
            "item": "minecraft:leather"
        },
        "S": {
            "item": "minecraft:string"
        },
        "P": {
            "item": "minecraft:phantom_membrane"
        },
        "G": {
            "item": "minecraft:ghast_tear"
        },
        "F": {
            "item": "minecraft:feather"
        },
        "D": {
            "item": "minecraft:dragon_breath"
        }
    },
    "result": {
        "item": "minecraft:elytra",
        "count": 1
    }
}