{
    "type": "minecraft:crafting_shaped",
    "pattern": [
        " # ",
        "DGQ",
        " E "
    ],
    "key": {
        "#": {
            "item": "minecraft:amethyst_shard"
        },
        "D": {
            "item": "minecraft:diamond"
        },
        "G": {
            "item": "minecraft:ghast_tear"
        },
        "Q": {
            "item": "minecraft:quartz"
        },
        "E": {
            "item": "minecraft:emerald"
        }
    },
    "result": {
        "item": "minecraft:ender_pearl",
        "count": 1
    }
}