{
    "type": "minecraft:crafting_shaped",
    "pattern": [
        "#V ",
        "OCW",
        " T#"
    ],
    "key": {
        "#": {
            "item": "minecraft:shulker_shell"
        },
        "V": {
            "item": "minecraft:villager_spawn_egg"
        },
        "O": {
            "item": "minecraft:obsidian"
        },
        "C": {
            "item": "minecraft:chorus_fruit"
        },
        "W": {
            "item": "minecraft:crying_obsidian"
        },
        "T": {
            "item": "minecraft:totem_of_undying"
        }
    },
    "result": {
        "item": "minecraft:enderman_spawn_egg",
        "count": 1
    }
}