{
    "type": "minecraft:crafting_shaped",
    "pattern": [
        "#C ",
        " S ",
        " T#"
    ],
    "key": {
        "#": {
            "item": "minecraft:shulker_shell"
        },
        "C": {
            "item": "minecraft:chorus_fruit"
        },
        "S": {
            "item": "minecraft:silverfish_spawn_egg"
        },
        "T": {
            "item": "minecraft:totem_of_undying"
        }
    },
    "result": {
        "item": "minecraft:endermite_spawn_egg",
        "count": 1
    }
}