{
    "type": "minecraft:crafting_shaped",
    "pattern": [
        "#E ",
        "SWS",
        " T#"
    ],
    "key": {
        "#": {
            "item": "minecraft:shulker_shell"
        },
        "E": {
            "item": "minecraft:emerald"
        },
        "S": {
            "item": "minecraft:sweet_berries"
        },
        "W": {
            "item": "minecraft:wolf_spawn_egg"
        },
        "T": {
            "item": "minecraft:totem_of_undying"
        }
    },
    "result": {
        "item": "minecraft:fox_spawn_egg",
        "count": 1
    }
}