{
    "type": "minecraft:crafting_shaped",
    "pattern": [
        "#S ",
        "LTL",
        " O#"
    ],
    "key": {
        "#": {
            "item": "minecraft:shulker_shell"
        },
        "S": {
            "item": "minecraft:saddle"
        },
        "L": {
            "item": "minecraft:leather"
        },
        "T": {
            "item": "minecraft:leather_horse_armor"
        },
        "O": {
            "item": "minecraft:totem_of_undying"
        }
    },
    "result": {
        "item": "minecraft:horse_spawn_egg",
        "count": 1
    }
}