{
    "type": "minecraft:crafting_shaped",
    "pattern": [
        " #L",
        "VSV",
        " C "
    ],
    "key": {
        "#": {
            "item": "minecraft:lead"
        },
        "L": {
            "item": "minecraft:leather_helmet"
        },
        "V": {
            "item": "minecraft:leather"
        },
        "S": {
            "item": "minecraft:saddle"
        },
        "C": {
            "item": "minecraft:chain"
        }
    },
    "result": {
        "item": "minecraft:leather_horse_armor",
        "count": 1
    }
}