{
    "type": "minecraft:crafting_shapeless",
    "ingredients": [
        {
            "item": "minecraft:glowstone_dust"
        },
        {
            "item": "minecraft:quartz"
        },
        {
            "item": "minecraft:iron_ingot"
        },
        {
            "item": "minecraft:lapis_lazuli"
        },
        {
            "item": "minecraft:diamond"
        },
        {
            "item": "minecraft:gold_ingot"
        },
        {
            "item": "minecraft:prismarine_crystals"
        },
        {
            "item": "minecraft:emerald"
        },
        {
            "item": "minecraft:redstone"
        }
    ],
    "result": {
        "item": "minecraft:netherite_scrap",
        "count": 1
    }
}