{
    "type": "minecraft:crafting_shaped",
    "pattern": [
        "#G ",
        "PBP",
        " T#"
    ],
    "key": {
        "#": {
            "item": "minecraft:shulker_shell"
        },
        "G": {
            "item": "minecraft:ghast_tear"
        },
        "P": {
            "item": "minecraft:phantom_membrane"
        },
        "B": {
            "item": "minecraft:bat_spawn_egg"
        },
        "T": {
            "item": "minecraft:totem_of_undying"
        }
    },
    "result": {
        "item": "minecraft:phantom_spawn_egg",
        "count": 1
    }
}