{
    "type": "minecraft:crafting_shaped",
    "pattern": [
        "#P ",
        "GVG",
        " T#"
    ],
    "key": {
        "#": {
            "item": "minecraft:shulker_shell"
        },
        "P": {
            "item": "minecraft:pig_spawn_egg"
        },
        "G": {
            "item": "minecraft:porkchop"
        },
        "V": {
            "item": "minecraft:villager_spawn_egg"
        },
        "T": {
            "item": "minecraft:totem_of_undying"
        }
    },
    "result": {
        "item": "minecraft:piglin_spawn_egg",
        "count": 1
    }
}