{
    "type": "minecraft:crafting_shaped",
    "pattern": [
        "#R ",
        "MTM",
        " D#"
    ],
    "key": {
        "#": {
            "item": "minecraft:shulker_shell"
        },
        "R": {
            "item": "minecraft:rabbit_hide"
        },
        "M": {
            "item": "minecraft:rabbit_foot"
        },
        "T": {
            "item": "minecraft:rabbit"
        },
        "D": {
            "item": "minecraft:totem_of_undying"
        }
    },
    "result": {
        "item": "minecraft:rabbit_spawn_egg",
        "count": 1
    }
}