{
    "type": "minecraft:crafting_shaped",
    "pattern": [
        "#S ",
        "BWB",
        " T#"
    ],
    "key": {
        "#": {
            "item": "minecraft:shulker_shell"
        },
        "S": {
            "item": "minecraft:skeleton_skull"
        },
        "B": {
            "item": "minecraft:bone"
        },
        "W": {
            "item": "minecraft:soul_lantern"
        },
        "T": {
            "item": "minecraft:totem_of_undying"
        }
    },
    "result": {
        "item": "minecraft:skeleton_spawn_egg",
        "count": 1
    }
}