{
    "type": "minecraft:crafting_shaped",
    "pattern": [
        "#S ",
        "BYB",
        " T#"
    ],
    "key": {
        "#": {
            "item": "minecraft:shulker_shell"
        },
        "S": {
            "item": "minecraft:spider_eye"
        },
        "B": {
            "item": "minecraft:black_concrete_powder"
        },
        "Y": {
            "item": "minecraft:string"
        },
        "T": {
            "item": "minecraft:totem_of_undying"
        }
    },
    "result": {
        "item": "minecraft:spider_spawn_egg",
        "count": 1
    }
}