{
    "type": "minecraft:crafting_shaped",
    "pattern": [
        "#S#",
        "BEB",
        "#S#"
    ],
    "key": {
        "#": {
            "item": "minecraft:netherite_scrap"
        },
        "S": {
            "item": "minecraft:shulker_shell"
        },
        "B": {
            "item": "minecraft:black_concrete"
        },
        "E": {
            "item": "minecraft:end_crystal"
        }
    },
    "result": {
        "item": "minecraft:structure_block",
        "count": 1
    }
}