{
    "type": "minecraft:crafting_shaped",
    "pattern": [
        " # ",
        "CSC",
        "YiY"
    ],
    "key": {
        "#": {
            "item": "minecraft:ghast_tear"
        },
        "C": {
            "item": "minecraft:coal"
        },
        "S": {
            "item": "minecraft:skeleton_skull"
        },
        "Y": {
            "item": "minecraft:soul_sand"
        },
        "i": {
            "item": "minecraft:iron_ingot"
        }
    },
    "result": {
        "item": "minecraft:wither_skeleton_skull",
        "count": 1
    }
}